{"loss": 1.8219671249389648, "_timestamp": 1711985425.3455048, "_runtime": 104.56892967224121, "_step": 1000, "_wandb": {"runtime": 104}}