{"loss": 1.8219671249389648, "_timestamp": 1711985176.357867, "_runtime": 104.73438596725464, "_step": 1000, "_wandb": {"runtime": 104}}